,peptide,log50k,score,name,pos,allele,rank
187,FIWPMLIHI,0.8274497784429762,6.468570492784324,temp,188,HLA-A*02:01,1.0
183,KTAAFIWPM,0.7864907303333879,10.075663476980877,temp,184,HLA-A*02:01,2.0
75,KIIDPLPPI,0.7799008931511241,10.820294992745772,temp,76,HLA-A*02:01,3.0
277,NLQRVSYLV,0.7221177393605215,20.219034228869187,temp,278,HLA-A*02:01,4.0
375,FTSSGSVLL,0.6341343069418826,52.38318698421999,temp,376,HLA-A*02:01,5.0
332,ILIDPIRVV,0.6210982248592083,60.3181587536568,temp,333,HLA-A*02:01,6.0
252,ALQEGAEIV,0.5972522718016082,78.07275307188604,temp,253,HLA-A*02:01,7.0
245,SMWEQAKAL,0.5606351065201105,116.02790626293516,temp,246,HLA-A*02:01,8.0
550,NMDRGNNNV,0.5032290658503701,215.9293704681525,temp,551,HLA-A*02:01,9.0
571,AMGDRLTAM,0.4891868405560948,251.3597374382439,temp,572,HLA-A*02:01,10.0
111,QLIDLRHKL,0.4614741395160806,339.2476633023207,temp,112,HLA-A*02:01,11.0
43,YMAENPTAG,0.46099334230932315,341.0170684151239,temp,44,HLA-A*02:01,12.0
431,VLVATDVAA,0.4331019313946882,461.1444858263808,temp,432,HLA-A*02:01,13.0
377,SSGSVLLFV,0.4262876221724196,496.429126521739,temp,378,HLA-A*02:01,14.0
293,FDMGFEYQV,0.40552796798987106,621.4500779552687,temp,294,HLA-A*02:01,15.0
185,AAFIWPMLI,0.39541493414436285,693.3094016798199,temp,186,HLA-A*02:01,16.0
371,RLVEFTSSG,0.3747827078426377,866.7169741231997,temp,372,HLA-A*02:01,17.0
508,LLDLAMQNA,0.3686781122653483,925.8968648433631,temp,509,HLA-A*02:01,18.0
381,VLLFVTKKA,0.34856128579375695,1151.0414883942176,temp,382,HLA-A*02:01,19.0
184,TAAFIWPML,0.3295669974465583,1413.6586955504317,temp,185,HLA-A*02:01,20.0
118,KLNLRVSGA,0.3144814574298941,1664.297914413615,temp,119,HLA-A*02:01,21.0
489,FAGDLVRNL,0.2951091209991013,2052.3957031511495,temp,490,HLA-A*02:01,22.0
612,TSAGSLNSV,0.28194781808518793,2366.4953986031783,temp,613,HLA-A*02:01,23.0
291,RMFDMGFEY,0.268567755068525,2735.1312978410365,temp,292,HLA-A*02:01,24.0
585,SQYKSHFVA,0.26692378412433,2784.2174385983394,temp,586,HLA-A*02:01,25.0
284,LVFDEADRM,0.2635872446888299,2886.5657083917913,temp,285,HLA-A*02:01,26.0
788,KMDKVDSKT,0.2569927170634741,3100.0516916973943,temp,789,HLA-A*02:01,27.0
496,NLEGANQHV,0.25690644745542984,3102.946686755792,temp,497,HLA-A*02:01,28.0
315,LLFSATFRK,0.25015087244305795,3338.247697811817,temp,316,HLA-A*02:01,29.0
399,KQEGHNLGL,0.23373709693228495,3987.001480691896,temp,400,HLA-A*02:01,30.0
584,QSQYKSHFV,0.22670871848482824,4302.02110322874,temp,585,HLA-A*02:01,31.0
210,VIVCPTREL,0.2255310603946663,4357.188176683072,temp,211,HLA-A*02:01,32.0
616,SLNSVPTNS,0.21366173194666171,4954.273006782776,temp,617,HLA-A*02:01,33.0
530,KLNIGGGGL,0.20891298077653053,5215.478676768755,temp,531,HLA-A*02:01,34.0
159,IQCQGVPVA,0.20611409340799836,5375.836627135503,temp,160,HLA-A*02:01,35.0
353,QIVEILHSG,0.19987440614270252,5751.301898067093,temp,354,HLA-A*02:01,36.0
441,GLDIPSIKT,0.19853667016873452,5835.151636925345,temp,442,HLA-A*02:01,37.0
251,KALQEGAEI,0.19600534713526438,5997.175490855657,temp,252,HLA-A*02:01,38.0
339,VVQGDIGEA,0.19410393619835503,6121.8323274957265,temp,340,HLA-A*02:01,39.0
367,WLTRRLVEF,0.18899741264844366,6469.591081308725,temp,368,HLA-A*02:01,40.0
503,HVSKELLDL,0.18446171333493822,6795.007593950557,temp,504,HLA-A*02:01,41.0
44,MAENPTAGV,0.17917098865135994,7195.333084999327,temp,45,HLA-A*02:01,42.0
558,VMSNYEAYK,0.17772907433045454,7308.469100691626,temp,559,HLA-A*02:01,43.0
482,LTPKDSNFA,0.17742226857395452,7332.7703899797725,temp,483,HLA-A*02:01,44.0
244,GSMWEQAKA,0.17697576225958106,7368.281441696074,temp,245,HLA-A*02:01,45.0
253,LQEGAEIVV,0.17626563398180572,7425.113171934558,temp,254,HLA-A*02:01,46.0
588,KSHFVAASL,0.176176376336138,7432.287423358896,temp,589,HLA-A*02:01,47.0
281,VSYLVFDEA,0.17403517044074035,7606.484046514332,temp,282,HLA-A*02:01,48.0
143,QLMHQIRKS,0.16883146899222182,8047.036954620861,temp,144,HLA-A*02:01,49.0
166,VALSGRDMI,0.16642832058054427,8259.016201459328,temp,167,HLA-A*02:01,50.0
570,GAMGDRLTA,0.16612837604180428,8285.863002492277,temp,571,HLA-A*02:01,51.0
227,KRFGKAYNL,0.16465756771990533,8418.777518177048,temp,228,HLA-A*02:01,52.0
791,KVDSKTDKT,0.16078951147164386,8778.592970242858,temp,792,HLA-A*02:01,53.0
146,HQIRKSEYT,0.1601384957191852,8840.646318660532,temp,147,HLA-A*02:01,54.0
107,LTPQQLIDL,0.1571103248765536,9135.099884848545,temp,108,HLA-A*02:01,55.0
512,AMQNAWFRK,0.15653139200065397,9192.501059322318,temp,513,HLA-A*02:01,56.0
317,FSATFRKKI,0.15635405938031458,9210.155639248385,temp,318,HLA-A*02:01,57.0
234,NLRSVAVYG,0.15550965001369083,9294.688158170457,temp,235,HLA-A*02:01,58.0
158,PIQCQGVPV,0.15529563337292007,9316.23599379555,temp,159,HLA-A*02:01,59.0
53,VQEEEEDNL,0.15456438678703477,9390.237725004492,temp,54,HLA-A*02:01,60.0
259,IVVCTPGRL,0.1541540895238333,9432.016712670544,temp,260,HLA-A*02:01,61.0
600,KAGSSAAGA,0.1535895456522274,9489.806045797592,temp,601,HLA-A*02:01,62.0
300,QVRSIASHV,0.15297593344928825,9553.0198833318,temp,301,HLA-A*02:01,63.0
167,ALSGRDMIG,0.1519473006811205,9659.93482342101,temp,168,HLA-A*02:01,64.0
178,KTGSGKTAA,0.1517654008583533,9678.965414373346,temp,179,HLA-A*02:01,65.0
63,YDSDGNPIA,0.1492309955394073,9948.051675903407,temp,64,HLA-A*02:01,66.0
191,MLIHIMDQK,0.14838170672108109,10039.886779358345,temp,192,HLA-A*02:01,67.0
331,DILIDPIRV,0.14791956055799502,10090.215140241604,temp,332,HLA-A*02:01,68.0
654,GAPVTYPSA,0.14760961501341902,10124.109903226656,temp,655,HLA-A*02:01,69.0
168,LSGRDMIGI,0.1461080149100914,10289.93958429134,temp,169,HLA-A*02:01,70.0
606,AGASGWTSA,0.1455613737751802,10350.98013650088,temp,607,HLA-A*02:01,71.0
458,DIDTHTHRI,0.14537893741342553,10371.432332278157,temp,459,HLA-A*02:01,72.0
595,SLSNQKAGS,0.1451975335649159,10391.808845534617,temp,596,HLA-A*02:01,73.0
407,LLHGDMDQS,0.14508864778210867,10404.058858241564,temp,408,HLA-A*02:01,74.0
591,FVAASLSNQ,0.14436475776822236,10485.866830145562,temp,592,HLA-A*02:01,75.0
180,GSGKTAAFI,0.14358134479418405,10575.12652053554,temp,181,HLA-A*02:01,76.0
779,KMEPKVDSS,0.14306937346980805,10633.86909746931,temp,780,HLA-A*02:01,77.0
611,WTSAGSLNS,0.14302020589316172,10639.527632363435,temp,612,HLA-A*02:01,78.0
663,GAQGVNNTA,0.1428082589342413,10663.954397640635,temp,664,HLA-A*02:01,79.0
659,YPSAGAQGV,0.1427764105093285,10667.629753786583,temp,660,HLA-A*02:01,80.0
42,RYMAENPTA,0.1421687201338895,10738.001316486481,temp,43,HLA-A*02:01,81.0
638,SAAKGIPGF,0.1417867473172629,10782.471817253687,temp,639,HLA-A*02:01,82.0
397,NLKQEGHNL,0.14149034774009628,10817.106470611237,temp,398,HLA-A*02:01,83.0
513,MQNAWFRKS,0.14003199062516813,10989.14441480913,temp,514,HLA-A*02:01,84.0
434,ATDVAARGL,0.13881266454429908,11135.082970326155,temp,435,HLA-A*02:01,85.0
104,ITNLTPQQL,0.13801109522197166,11232.075333886782,temp,105,HLA-A*02:01,86.0
577,TAMKAAFQS,0.13758787878817538,11283.626157997684,temp,578,HLA-A*02:01,87.0
352,TQIVEILHS,0.13691248125058708,11366.384984912649,temp,353,HLA-A*02:01,88.0
295,MGFEYQVRS,0.13647693683747097,11420.075414313202,temp,296,HLA-A*02:01,89.0
568,STGAMGDRL,0.13638696418991095,11431.198089125122,temp,569,HLA-A*02:01,90.0
153,YTQPTPIQC,0.1360426953113108,11473.857709129137,temp,154,HLA-A*02:01,91.0
575,RLTAMKAAF,0.13539694732666827,11554.304539822568,temp,576,HLA-A*02:01,92.0
475,KGVAYTLLT,0.13492634243735785,11613.287254195475,temp,476,HLA-A*02:01,93.0
267,LIDHVKKKA,0.133876727622816,11745.92644685539,temp,268,HLA-A*02:01,94.0
207,PIAVIVCPT,0.13385572847297172,11748.595496729204,temp,208,HLA-A*02:01,95.0
583,FQSQYKSHF,0.13338444807705807,11808.656339799072,temp,584,HLA-A*02:01,96.0
195,IMDQKELEP,0.13240774328809116,11934.108728925665,temp,196,HLA-A*02:01,97.0
504,VSKELLDLA,0.13228884375920894,11949.471440185862,temp,505,HLA-A*02:01,98.0
231,KAYNLRSVA,0.13130397717735354,12077.486316942874,temp,232,HLA-A*02:01,99.0
312,RQTLLFSAT,0.13121629692290224,12088.949434250351,temp,313,HLA-A*02:01,100.0
492,DLVRNLEGA,0.1309119438602411,12128.82435821996,temp,493,HLA-A*02:01,101.0
581,AAFQSQYKS,0.13064146450269765,12164.371676007118,temp,582,HLA-A*02:01,102.0
448,KTVINYDVA,0.1305290227757446,12179.179790268943,temp,449,HLA-A*02:01,103.0
276,TNLQRVSYL,0.13051018552490354,12181.662341288844,temp,277,HLA-A*02:01,104.0
798,KTADGFAVP,0.12920328239701892,12355.139573169688,temp,799,HLA-A*02:01,105.0
481,LLTPKDSNF,0.12912204234520264,12366.004507240146,temp,482,HLA-A*02:01,106.0
501,NQHVSKELL,0.12752328863778808,12581.774471188486,temp,502,HLA-A*02:01,107.0
266,RLIDHVKKK,0.12735418168006918,12604.816414773359,temp,267,HLA-A*02:01,108.0
653,SGAPVTYPS,0.12661958021084896,12705.401539097717,temp,654,HLA-A*02:01,109.0
329,ARDILIDPI,0.1263909892975555,12736.864739811728,temp,330,HLA-A*02:01,110.0
598,NQKAGSSAA,0.12513174534039964,12911.588797775734,temp,599,HLA-A*02:01,111.0
607,GASGWTSAG,0.12456953375234955,12990.369422054438,temp,608,HLA-A*02:01,112.0
200,ELEPGDGPI,0.12440691205389445,13013.24649669206,temp,201,HLA-A*02:01,113.0
96,NFYNEHEEI,0.12421087851256514,13040.877398687326,temp,97,HLA-A*02:01,114.0
160,QCQGVPVAL,0.12419837324053125,13042.642004470914,temp,161,HLA-A*02:01,115.0
260,VVCTPGRLI,0.1240686635050086,13060.959297618043,temp,261,HLA-A*02:01,116.0
373,VEFTSSGSV,0.12332545142517065,13166.410984912185,temp,374,HLA-A*02:01,117.0
390,NAEELANNL,0.12332252218345252,13166.828284409637,temp,391,HLA-A*02:01,118.0
346,EANEDVTQI,0.12331802000657953,13167.469689886151,temp,347,HLA-A*02:01,119.0
593,AASLSNQKA,0.12244334427628609,13292.675482903354,temp,594,HLA-A*02:01,120.0
313,QTLLFSATF,0.12243651632264274,13293.65754142832,temp,314,HLA-A*02:01,121.0
151,SEYTQPTPI,0.12234803731908257,13306.389961771778,temp,152,HLA-A*02:01,122.0
537,GLGYRERPG,0.12179212500111952,13386.6670604152,temp,538,HLA-A*02:01,123.0
406,GLLHGDMDQ,0.12162699208356358,13410.606419150128,temp,407,HLA-A*02:01,124.0
368,LTRRLVEFT,0.12154631681513701,13422.317493992694,temp,369,HLA-A*02:01,125.0
604,SAAGASGWT,0.12038049702868772,13592.697742038716,temp,605,HLA-A*02:01,126.0
476,GVAYTLLTP,0.12037148820650118,13594.022733874888,temp,477,HLA-A*02:01,127.0
360,SGPSKWNWL,0.12005371785641486,13640.842208530634,temp,361,HLA-A*02:01,128.0
343,DIGEANEDV,0.1199692987425581,13653.307392493542,temp,344,HLA-A*02:01,129.0
347,ANEDVTQIV,0.11960851087389633,13706.709217233245,temp,348,HLA-A*02:01,130.0
308,VRPDRQTLL,0.11941742915919874,13735.076628933972,temp,309,HLA-A*02:01,131.0
609,SGWTSAGSL,0.11912218620832463,13779.0229818489,temp,610,HLA-A*02:01,132.0
364,KWNWLTRRL,0.11909255113573385,13783.441863908145,temp,365,HLA-A*02:01,133.0
115,LRHKLNLRV,0.1186140290964787,13854.990729189147,temp,116,HLA-A*02:01,134.0
6,QAARDMKRL,0.11836392211091974,13892.534524889907,temp,7,HLA-A*02:01,135.0
776,MEPKMEPKV,0.11817549584424018,13920.88654900073,temp,777,HLA-A*02:01,136.0
442,LDIPSIKTV,0.11790875284064459,13961.121655211567,temp,443,HLA-A*02:01,137.0
439,ARGLDIPSI,0.11775700447609938,13984.063021097316,temp,440,HLA-A*02:01,138.0
433,VATDVAARG,0.1176013860643129,14007.628614873043,temp,434,HLA-A*02:01,139.0
556,NNVMSNYEA,0.1175801740687926,14010.843861898577,temp,557,HLA-A*02:01,140.0
41,FRYMAENPT,0.1169306137886438,14109.660287641713,temp,42,HLA-A*02:01,141.0
427,KDIPVLVAT,0.11688954679437384,14115.93110752131,temp,428,HLA-A*02:01,142.0
238,VAVYGGGSM,0.11673348090245497,14139.787381638438,temp,239,HLA-A*02:01,143.0
270,HVKKKATNL,0.11659848923567623,14160.45476045101,temp,271,HLA-A*02:01,144.0
642,GIPGFGNTG,0.11656092318684802,14166.211536632916,temp,643,HLA-A*02:01,145.0
455,VARDIDTHT,0.1163578422077745,14197.373051039918,temp,456,HLA-A*02:01,146.0
188,IWPMLIHIM,0.11594817463594172,14260.442757043473,temp,189,HLA-A*02:01,147.0
538,LGYRERPGL,0.11570314922515756,14298.299069521623,temp,539,HLA-A*02:01,148.0
605,AAGASGWTS,0.1155535986600057,14321.453932263375,temp,606,HLA-A*02:01,149.0
232,AYNLRSVAV,0.11537538980015151,14349.094918185941,temp,233,HLA-A*02:01,150.0
649,TGNISGAPV,0.11530075893036762,14360.686340499531,temp,650,HLA-A*02:01,151.0
324,KIEKLARDI,0.11521179557657629,14374.51607172056,temp,325,HLA-A*02:01,152.0
105,TNLTPQQLI,0.11508277122815729,14394.597122981842,temp,106,HLA-A*02:01,153.0
477,VAYTLLTPK,0.11503944509267466,14401.346592297059,temp,478,HLA-A*02:01,154.0
784,VDSSKMDKV,0.11498831044287958,14409.316566130421,temp,785,HLA-A*02:01,155.0
378,SGSVLLFVT,0.11496975511175261,14412.209736770717,temp,379,HLA-A*02:01,156.0
361,GPSKWNWLT,0.11494540872868685,14416.006736697176,temp,362,HLA-A*02:01,157.0
775,KMEPKMEPK,0.11477337823930094,14442.864695824024,temp,776,HLA-A*02:01,158.0
273,KKATNLQRV,0.1147110281213964,14452.611348318922,temp,274,HLA-A*02:01,159.0
161,CQGVPVALS,0.11438816759187073,14503.186642425773,temp,162,HLA-A*02:01,160.0
376,TSSGSVLLF,0.11436614703890526,14506.642547109903,temp,377,HLA-A*02:01,161.0
99,NEHEEITNL,0.11406978592517852,14553.23364790944,temp,100,HLA-A*02:01,162.0
216,RELCQQIHA,0.1139184029498805,14577.090361710278,temp,217,HLA-A*02:01,163.0
637,TSAAKGIPG,0.11375999822715921,14602.095516980733,temp,638,HLA-A*02:01,164.0
365,WNWLTRRLV,0.11359179904715887,14628.693742379315,temp,366,HLA-A*02:01,165.0
646,FGNTGNISG,0.11352976826442723,14638.515221985008,temp,647,HLA-A*02:01,166.0
0,MAEVEDQAA,0.11341974561819645,14655.951588868378,temp,1,HLA-A*02:01,167.0
404,NLGLLHGDM,0.11332238869436853,14671.398014045426,temp,405,HLA-A*02:01,168.0
307,HVRPDRQTL,0.11331458901352888,14672.636197560776,temp,308,HLA-A*02:01,169.0
72,PTKKIIDPL,0.11311083529362113,14705.01873389898,temp,73,HLA-A*02:01,170.0
795,KTDKTADGF,0.11310865815524246,14705.36513167283,temp,796,HLA-A*02:01,171.0
37,QEAYFRYMA,0.11291978973469813,14735.446482964158,temp,38,HLA-A*02:01,172.0
664,AQGVNNTAS,0.11288607622632982,14740.822551815163,temp,665,HLA-A*02:01,173.0
500,ANQHVSKEL,0.1128495522248263,14746.649004809535,temp,501,HLA-A*02:01,174.0
135,FAHFGFDEQ,0.11257392100547331,14790.693117340987,temp,136,HLA-A*02:01,175.0
563,EAYKPSTGA,0.11251643273915152,14799.895942567704,temp,564,HLA-A*02:01,176.0
425,KKKDIPVLV,0.1123979131500536,14818.88684708441,temp,426,HLA-A*02:01,177.0
248,EQAKALQEG,0.1123829752171332,14821.282145047275,temp,249,HLA-A*02:01,178.0
380,SVLLFVTKK,0.11227430435714995,14838.719177897217,temp,381,HLA-A*02:01,179.0
173,MIGIAKTGS,0.11226771231395088,14839.777579064274,temp,174,HLA-A*02:01,180.0
578,AMKAAFQSQ,0.11222016058086445,14847.414597342406,temp,579,HLA-A*02:01,181.0
156,PTPIQCQGV,0.1121367146060371,14860.825890616889,temp,157,HLA-A*02:01,182.0
132,GSSFAHFGF,0.111857569883066,14905.777654832753,temp,133,HLA-A*02:01,183.0
430,PVLVATDVA,0.11184723399531872,14907.444691177392,temp,431,HLA-A*02:01,184.0
383,LFVTKKANA,0.11176675709083225,14920.430886305632,temp,384,HLA-A*02:01,185.0
97,FYNEHEEIT,0.11172852392671918,14926.604362802202,temp,98,HLA-A*02:01,186.0
237,SVAVYGGGS,0.1116572944910351,14938.112532309033,temp,238,HLA-A*02:01,187.0
314,TLLFSATFR,0.11163100441886059,14942.362323932473,temp,315,HLA-A*02:01,188.0
451,INYDVARDI,0.1113819528104771,14982.681555797777,temp,452,HLA-A*02:01,189.0
204,GDGPIAVIV,0.11135792679455196,14986.576902529723,temp,205,HLA-A*02:01,190.0
327,KLARDILID,0.11122391940389913,15008.322154544441,temp,328,HLA-A*02:01,191.0
149,RKSEYTQPT,0.1110658450531571,15034.013293475236,temp,150,HLA-A*02:01,192.0
656,PVTYPSAGA,0.11101352900395185,15042.52567641214,temp,657,HLA-A*02:01,193.0
36,DQEAYFRYM,0.11093507682891861,15055.29972155968,temp,37,HLA-A*02:01,194.0
631,SPDSPVTSA,0.1108496299843905,15069.225021814655,temp,632,HLA-A*02:01,195.0
510,DLAMQNAWF,0.11046000862110632,15132.885188616903,temp,511,HLA-A*02:01,196.0
630,NSPDSPVTS,0.1104400735334295,15136.149601526668,temp,631,HLA-A*02:01,197.0
113,IDLRHKLNL,0.11042041666954319,15139.369144213942,temp,114,HLA-A*02:01,198.0
249,QAKALQEGA,0.11040841558461895,15141.335104975939,temp,250,HLA-A*02:01,199.0
557,NVMSNYEAY,0.11029541170790473,15159.859387811195,temp,558,HLA-A*02:01,200.0
647,GNTGNISGA,0.11027840166603907,15162.649739104272,temp,648,HLA-A*02:01,201.0
479,YTLLTPKDS,0.11026466360833741,15164.903724397871,temp,480,HLA-A*02:01,202.0
438,AARGLDIPS,0.11025378599790221,15166.688637498564,temp,439,HLA-A*02:01,203.0
626,QQGHNSPDS,0.11023463576860987,15169.831519708994,temp,627,HLA-A*02:01,204.0
171,RDMIGIAKT,0.11018481905261486,15178.010351236608,temp,172,HLA-A*02:01,205.0
350,DVTQIVEIL,0.11017026668080612,15180.400369278732,temp,351,HLA-A*02:01,206.0
608,ASGWTSAGS,0.11009140015328464,15193.359611743648,temp,609,HLA-A*02:01,207.0
140,FDEQLMHQI,0.11005949972121364,15198.604590044408,temp,141,HLA-A*02:01,208.0
280,RVSYLVFDE,0.10997073046456628,15213.20931019873,temp,281,HLA-A*02:01,209.0
650,GNISGAPVT,0.10980864372402485,15239.912772035404,temp,651,HLA-A*02:01,210.0
136,AHFGFDEQL,0.10974266357631653,15250.796286398392,temp,137,HLA-A*02:01,211.0
576,LTAMKAAFQ,0.10970433145500853,15257.122790575993,temp,577,HLA-A*02:01,212.0
614,AGSLNSVPT,0.10967515429458814,15261.940078220827,temp,615,HLA-A*02:01,213.0
242,GGGSMWEQA,0.10962669817620654,15269.943774117148,temp,243,HLA-A*02:01,214.0
119,LNLRVSGAA,0.10957806143556856,15277.981524946626,temp,120,HLA-A*02:01,215.0
125,GAAPPRPGS,0.10938071630479425,15310.63839056251,temp,126,HLA-A*02:01,216.0
617,LNSVPTNSA,0.10933815972321152,15317.689839836312,temp,618,HLA-A*02:01,217.0
443,DIPSIKTVI,0.10933569606571879,15318.098157108732,temp,444,HLA-A*02:01,218.0
580,KAAFQSQYK,0.10930870085478354,15322.572954345746,temp,581,HLA-A*02:01,219.0
297,FEYQVRSIA,0.10911655987162422,15354.460535609991,temp,298,HLA-A*02:01,220.0
412,MDQSERNKV,0.10910110753428175,15357.027875745449,temp,413,HLA-A*02:01,221.0
357,ILHSGPSKW,0.10904981277763703,15365.553359469244,temp,358,HLA-A*02:01,222.0
641,KGIPGFGNT,0.10891639349508148,15387.750583834188,temp,642,HLA-A*02:01,223.0
320,TFRKKIEKL,0.10887349516171384,15394.894473073002,temp,321,HLA-A*02:01,224.0
662,AGAQGVNNT,0.108852016652623,15398.472550005306,temp,663,HLA-A*02:01,225.0
292,MFDMGFEYQ,0.10877062705819131,15412.038684759249,temp,293,HLA-A*02:01,226.0
214,PTRELCQQI,0.10875123040937162,15415.27350928871,temp,215,HLA-A*02:01,227.0
799,TADGFAVPE,0.10872268377372664,15420.035533506356,temp,800,HLA-A*02:01,228.0
436,DVAARGLDI,0.10866096571506027,15430.336097547537,temp,437,HLA-A*02:01,229.0
602,GSSAAGASG,0.10864976658098363,15432.205937795998,temp,603,HLA-A*02:01,230.0
230,GKAYNLRSV,0.10860390032785312,15439.8662664317,temp,231,HLA-A*02:01,231.0
194,HIMDQKELE,0.10856599686689405,15446.199562918715,temp,195,HLA-A*02:01,232.0
241,YGGGSMWEQ,0.10855762551701974,15447.59868356331,temp,242,HLA-A*02:01,233.0
768,EAFNRESKM,0.10841010957562608,15472.274124808204,temp,769,HLA-A*02:01,234.0
211,IVCPTRELC,0.10837396242857894,15478.32657840518,temp,212,HLA-A*02:01,235.0
413,DQSERNKVI,0.10826518734957617,15496.5540892348,temp,414,HLA-A*02:01,236.0
333,LIDPIRVVQ,0.10819448497275251,15508.413241262637,temp,334,HLA-A*02:01,237.0
394,LANNLKQEG,0.10814322202777593,15517.017425981096,temp,395,HLA-A*02:01,238.0
559,MSNYEAYKP,0.10812756678062382,15519.646018816682,temp,560,HLA-A*02:01,239.0
472,AGEKGVAYT,0.10806535601787899,15530.09591246169,temp,473,HLA-A*02:01,240.0
263,TPGRLIDHV,0.10805713559664448,15531.47726931172,temp,264,HLA-A*02:01,241.0
447,IKTVINYDV,0.10803367416453728,15535.420396344258,temp,448,HLA-A*02:01,242.0
587,YKSHFVAAS,0.10801021343505499,15539.364406322691,temp,588,HLA-A*02:01,243.0
255,EGAEIVVCT,0.10795920505106046,15547.942939325758,temp,256,HLA-A*02:01,244.0
372,LVEFTSSGS,0.10795622449537406,15548.444352271496,temp,373,HLA-A*02:01,245.0
296,GFEYQVRSI,0.10784161892372529,15567.736488889084,temp,297,HLA-A*02:01,246.0
651,NISGAPVTY,0.10779783844053621,15575.112596588577,temp,652,HLA-A*02:01,247.0
507,ELLDLAMQN,0.10760046038282078,15608.410144058453,temp,508,HLA-A*02:01,248.0
202,EPGDGPIAV,0.10758608332717397,15610.838323416096,temp,203,HLA-A*02:01,249.0
652,ISGAPVTYP,0.10748799743772922,15627.414394240097,temp,653,HLA-A*02:01,250.0
236,RSVAVYGGG,0.10746868059453457,15630.680927088439,temp,237,HLA-A*02:01,251.0
137,HFGFDEQLM,0.10745739709845156,15632.58931410133,temp,138,HLA-A*02:01,252.0
594,ASLSNQKAG,0.10744892132386258,15634.022982102744,temp,595,HLA-A*02:01,253.0
190,PMLIHIMDQ,0.10736406460889023,15648.383652264563,temp,191,HLA-A*02:01,254.0
473,GEKGVAYTL,0.10733908660662599,15652.61330034278,temp,474,HLA-A*02:01,255.0
23,NVKGIRDDI,0.1072987650474701,15659.443560926675,temp,24,HLA-A*02:01,256.0
635,PVTSAAKGI,0.10725427164212097,15666.983969426228,temp,636,HLA-A*02:01,257.0
511,LAMQNAWFR,0.10720711168340145,15674.980249241995,temp,512,HLA-A*02:01,258.0
229,FGKAYNLRS,0.10718554624862286,15678.638169643205,temp,230,HLA-A*02:01,259.0
424,FKKKDIPVL,0.10717520012883655,15680.393377319711,temp,425,HLA-A*02:01,260.0
172,DMIGIAKTG,0.1071323740307919,15687.660867359535,temp,173,HLA-A*02:01,261.0
283,YLVFDEADR,0.10713197109302731,15687.729260960961,temp,284,HLA-A*02:01,262.0
319,ATFRKKIEK,0.10701089214004937,15708.294398012344,temp,320,HLA-A*02:01,263.0
560,SNYEAYKPS,0.1068934898764,15728.260796211742,temp,561,HLA-A*02:01,264.0
421,ISDFKKKDI,0.10685426312141388,15734.937676841635,temp,422,HLA-A*02:01,265.0
87,EIDYPPFEK,0.10684196572780653,15737.031429401086,temp,88,HLA-A*02:01,266.0
65,SDGNPIAPT,0.10669534717690497,15762.016157073285,temp,66,HLA-A*02:01,267.0
26,GIRDDIEEE,0.10667197085846863,15766.003294159791,temp,27,HLA-A*02:01,268.0
69,PIAPTKKII,0.10657357509594402,15782.797039758132,temp,70,HLA-A*02:01,269.0
772,RESKMEPKM,0.10656195267818278,15784.781882584328,temp,773,HLA-A*02:01,270.0
209,AVIVCPTRE,0.10656127072802306,15784.898351808954,temp,210,HLA-A*02:01,271.0
437,VAARGLDIP,0.10655396580092832,15786.146003041087,temp,438,HLA-A*02:01,272.0
235,LRSVAVYGG,0.10639325400516715,15813.619875331031,temp,236,HLA-A*02:01,273.0
597,SNQKAGSSA,0.106339397876732,15822.83733671521,temp,598,HLA-A*02:01,274.0
278,LQRVSYLVF,0.10633289477807734,15823.95070371937,temp,279,HLA-A*02:01,275.0
328,LARDILIDP,0.10627926852322359,15833.134806825004,temp,329,HLA-A*02:01,276.0
486,DSNFAGDLV,0.10626782234718897,15835.095784207226,temp,487,HLA-A*02:01,277.0
139,GFDEQLMHQ,0.10626395440483599,15835.758501246006,temp,140,HLA-A*02:01,278.0
303,SIASHVRPD,0.10625794973489192,15836.787371189175,temp,304,HLA-A*02:01,279.0
419,KVISDFKKK,0.10624191937873352,15839.534419406307,temp,420,HLA-A*02:01,280.0
628,GHNSPDSPV,0.10622910211774884,15841.731197126139,temp,629,HLA-A*02:01,281.0
629,HNSPDSPVT,0.10622219340584557,15842.915422374106,temp,630,HLA-A*02:01,282.0
349,EDVTQIVEI,0.10618555862734742,15849.196484816486,temp,350,HLA-A*02:01,283.0
123,VSGAAPPRP,0.10614912400213107,15855.445700626584,temp,124,HLA-A*02:01,284.0
485,KDSNFAGDL,0.10611320639772111,15861.608649566333,temp,486,HLA-A*02:01,285.0
302,RSIASHVRP,0.10609023233449456,15865.551927442237,temp,303,HLA-A*02:01,286.0
122,RVSGAAPPR,0.10608492035275659,15866.463817750677,temp,123,HLA-A*02:01,287.0
429,IPVLVATDV,0.10607350299398305,15868.423975304931,temp,430,HLA-A*02:01,288.0
515,NAWFRKSRF,0.10606198110840966,15870.402323748089,temp,516,HLA-A*02:01,289.0
592,VAASLSNQK,0.1060371630027263,15874.664517995687,temp,593,HLA-A*02:01,290.0
311,DRQTLLFSA,0.1060300227895077,15875.890970894732,temp,312,HLA-A*02:01,291.0
453,YDVARDIDT,0.10599903467235464,15881.214804416353,temp,454,HLA-A*02:01,292.0
384,FVTKKANAE,0.10598973291540131,15882.81321712347,temp,385,HLA-A*02:01,293.0
562,YEAYKPSTG,0.1059242440673085,15894.071366733371,temp,563,HLA-A*02:01,294.0
86,SEIDYPPFE,0.10591069410610002,15896.401728830024,temp,87,HLA-A*02:01,295.0
221,QIHAECKRF,0.10589750359387869,15898.67060003276,temp,222,HLA-A*02:01,296.0
480,TLLTPKDSN,0.10578652797506352,15917.772101663304,temp,481,HLA-A*02:01,297.0
387,KKANAEELA,0.10577462202505399,15919.822756996376,temp,388,HLA-A*02:01,298.0
154,TQPTPIQCQ,0.10574366830607815,15925.15539560121,temp,155,HLA-A*02:01,299.0
169,SGRDMIGIA,0.10570793404758158,15931.313836454829,temp,170,HLA-A*02:01,300.0
619,SVPTNSAQQ,0.10570078301726907,15932.546530717882,temp,620,HLA-A*02:01,301.0
126,AAPPRPGSS,0.10564901928809006,15941.472404412729,temp,127,HLA-A*02:01,302.0
586,QYKSHFVAA,0.10564761672281656,15941.714325190662,temp,587,HLA-A*02:01,303.0
257,AEIVVCTPG,0.10564592132504054,15942.006759939079,temp,258,HLA-A*02:01,304.0
370,RRLVEFTSS,0.10553534273572462,15961.091762573578,temp,371,HLA-A*02:01,305.0
449,TVINYDVAR,0.10545609068183047,15974.78410327136,temp,450,HLA-A*02:01,306.0
274,KATNLQRVS,0.10542493665370041,15980.169785988668,temp,275,HLA-A*02:01,307.0
76,IIDPLPPID,0.10539222701074213,15985.826346109881,temp,77,HLA-A*02:01,308.0
196,MDQKELEPG,0.10537815096707458,15988.261167619272,temp,197,HLA-A*02:01,309.0
31,IEEEDDQEA,0.10536670730111462,15990.240923558635,temp,32,HLA-A*02:01,310.0
45,AENPTAGVV,0.10533952612537043,15994.944253768306,temp,46,HLA-A*02:01,311.0
546,LGSENMDRG,0.10533359957225769,15995.969946309806,temp,547,HLA-A*02:01,312.0
783,KVDSSKMDK,0.10531101770703029,15999.878731542625,temp,784,HLA-A*02:01,313.0
671,ASGNNSREG,0.10530655945957694,16000.650540291515,temp,672,HLA-A*02:01,314.0
623,NSAQQGHNS,0.10529872932265305,16002.006178357007,temp,624,HLA-A*02:01,315.0
432,LVATDVAAR,0.10526477944971455,16007.885276573106,temp,433,HLA-A*02:01,316.0
285,VFDEADRMF,0.10525381550924569,16009.784363102573,temp,286,HLA-A*02:01,317.0
469,TGRAGEKGV,0.10525061569521565,16010.338651898477,temp,470,HLA-A*02:01,318.0
615,GSLNSVPTN,0.10521677150849403,16016.202496884123,temp,616,HLA-A*02:01,319.0
400,QEGHNLGLL,0.10519071478492797,16020.718548940837,temp,401,HLA-A*02:01,320.0
201,LEPGDGPIA,0.10518602483903765,16021.531527708501,temp,202,HLA-A*02:01,321.0
639,AAKGIPGFG,0.10514374396605881,16028.862569206947,temp,640,HLA-A*02:01,322.0
761,RNGESRKEA,0.10513170087435676,16030.951323499441,temp,762,HLA-A*02:01,323.0
175,GIAKTGSGK,0.10509176068484768,16037.880499943196,temp,176,HLA-A*02:01,324.0
85,HSEIDYPPF,0.10509053717407016,16038.092812660401,temp,86,HLA-A*02:01,325.0
203,PGDGPIAVI,0.10507317888691733,16041.105254951934,temp,204,HLA-A*02:01,326.0
338,RVVQGDIGE,0.10503906808099274,16047.02666008278,temp,339,HLA-A*02:01,327.0
657,VTYPSAGAQ,0.10500127133367457,16053.590472615226,temp,658,HLA-A*02:01,328.0
465,RIGRTGRAG,0.1049989791702787,16053.988617829324,temp,466,HLA-A*02:01,329.0
464,HRIGRTGRA,0.10499645972747021,16054.42625251523,temp,465,HLA-A*02:01,330.0
62,EYDSDGNPI,0.10499520898017854,16054.643515459526,temp,63,HLA-A*02:01,331.0
217,ELCQQIHAE,0.10499453226908556,16054.761065806088,temp,218,HLA-A*02:01,332.0
625,AQQGHNSPD,0.10497178758801702,16058.712506779373,temp,626,HLA-A*02:01,333.0
120,NLRVSGAAP,0.10495660923835178,16061.349987537358,temp,121,HLA-A*02:01,334.0
218,LCQQIHAEC,0.10493265740153948,16065.512883017596,temp,219,HLA-A*02:01,335.0
239,AVYGGGSMW,0.10492883943457776,16066.176555929993,temp,240,HLA-A*02:01,336.0
382,LLFVTKKAN,0.10491918597896194,16067.854727585991,temp,383,HLA-A*02:01,337.0
803,FAVPEPPKR,0.10491869449788627,16067.94017210569,temp,804,HLA-A*02:01,338.0
356,EILHSGPSK,0.10485561801146927,16078.909859882626,temp,357,HLA-A*02:01,339.0
340,VQGDIGEAN,0.10480319593893914,16088.032327273599,temp,341,HLA-A*02:01,340.0
321,FRKKIEKLA,0.10477776124885839,16092.460326146369,temp,322,HLA-A*02:01,341.0
532,NIGGGGLGY,0.10471282733197132,16103.770387986553,temp,533,HLA-A*02:01,342.0
468,RTGRAGEKG,0.104710133805118,16104.239712857196,temp,469,HLA-A*02:01,343.0
644,PGFGNTGNI,0.10465066596590959,16114.60497935691,temp,645,HLA-A*02:01,344.0
80,LPPIDHSEI,0.1046332743156919,16117.63761112295,temp,81,HLA-A*02:01,345.0
423,DFKKKDIPV,0.10461766904274414,16120.35923296946,temp,424,HLA-A*02:01,346.0
426,KKDIPVLVA,0.10460881491354188,16121.90363276293,temp,427,HLA-A*02:01,347.0
613,SAGSLNSVP,0.10460663740873197,16122.283471209661,temp,614,HLA-A*02:01,348.0
176,IAKTGSGKT,0.10458932745586237,16125.303294079777,temp,177,HLA-A*02:01,349.0
696,SSRHSHGET,0.10458760293257313,16125.604178270129,temp,697,HLA-A*02:01,350.0
545,GLGSENMDR,0.10458490598050695,16126.074737093155,temp,546,HLA-A*02:01,351.0
142,EQLMHQIRK,0.10457881997980761,16127.136660825287,temp,143,HLA-A*02:01,352.0
174,IGIAKTGSG,0.10457173383286324,16128.373184484713,temp,175,HLA-A*02:01,353.0
79,PLPPIDHSE,0.1045626824894838,16129.952770326237,temp,80,HLA-A*02:01,354.0
147,QIRKSEYTQ,0.10456091161884856,16130.261830080039,temp,148,HLA-A*02:01,355.0
162,QGVPVALSG,0.1045511103902047,16131.972488609148,temp,163,HLA-A*02:01,356.0
179,TGSGKTAAF,0.10453911987344887,16134.065501515011,temp,180,HLA-A*02:01,357.0
150,KSEYTQPTP,0.10451297864988597,16138.629542212046,temp,151,HLA-A*02:01,358.0
450,VINYDVARD,0.104493646782739,16142.00555619435,temp,451,HLA-A*02:01,359.0
569,TGAMGDRLT,0.10449038078963498,16142.575981509115,temp,570,HLA-A*02:01,360.0
103,EITNLTPQQ,0.10446466888483406,16147.06742420669,temp,104,HLA-A*02:01,361.0
299,YQVRSIASH,0.1044102643170732,16156.575118592544,temp,300,HLA-A*02:01,362.0
124,SGAAPPRPG,0.10439564517880888,16159.13090047444,temp,125,HLA-A*02:01,363.0
624,SAQQGHNSP,0.10438576878354631,16160.85776404409,temp,625,HLA-A*02:01,364.0
665,QGVNNTASG,0.10437070931783765,16163.491230044589,temp,666,HLA-A*02:01,365.0
561,NYEAYKPST,0.10433258656439168,16170.159717916174,temp,562,HLA-A*02:01,366.0
110,QQLIDLRHK,0.10433223579278204,16170.2210881716,temp,111,HLA-A*02:01,367.0
219,CQQIHAECK,0.10431300181963646,16173.58657980592,temp,220,HLA-A*02:01,368.0
287,DEADRMFDM,0.10430846865171775,16174.379879261804,temp,288,HLA-A*02:01,369.0
193,IHIMDQKEL,0.10428662714648432,16178.20266434476,temp,194,HLA-A*02:01,370.0
749,GRHGENRGA,0.10428127590729819,16179.139396802728,temp,750,HLA-A*02:01,371.0
144,LMHQIRKSE,0.10427418046655755,16180.381534740329,temp,145,HLA-A*02:01,372.0
733,HTDGHRHGE,0.10425329343636477,16184.038601502481,temp,734,HLA-A*02:01,373.0
133,SSFAHFGFD,0.10424571607164018,16185.365510875678,temp,134,HLA-A*02:01,374.0
288,EADRMFDMG,0.10422624806488275,16188.775147534874,temp,289,HLA-A*02:01,375.0
491,GDLVRNLEG,0.10421872463938192,16190.092996541536,temp,492,HLA-A*02:01,376.0
471,RAGEKGVAY,0.10421729048069117,16190.344224681741,temp,472,HLA-A*02:01,377.0
675,NSREGTGGS,0.104215925761288,16190.583292444036,temp,676,HLA-A*02:01,378.0
68,NPIAPTKKI,0.10420463092059276,16192.562026843636,temp,69,HLA-A*02:01,379.0
525,GGKGKKLNI,0.10420458116592708,16192.570743859964,temp,526,HLA-A*02:01,380.0
379,GSVLLFVTK,0.10417314100615592,16198.079997651026,temp,380,HLA-A*02:01,381.0
233,YNLRSVAVY,0.10417028762738227,16198.58008749074,temp,234,HLA-A*02:01,382.0
596,LSNQKAGSS,0.1041685937569692,16198.87696648551,temp,597,HLA-A*02:01,383.0
326,EKLARDILI,0.10415777716739334,16200.77288222996,temp,327,HLA-A*02:01,384.0
374,EFTSSGSVL,0.10415717044544318,16200.879234123804,temp,375,HLA-A*02:01,385.0
543,RPGLGSENM,0.1041167988912852,16207.957506497953,temp,544,HLA-A*02:01,386.0
206,GPIAVIVCP,0.10411670593417408,16207.973808069997,temp,207,HLA-A*02:01,387.0
446,SIKTVINYD,0.10411083899885482,16209.002705712897,temp,447,HLA-A*02:01,388.0
134,SFAHFGFDE,0.10408651994620186,16213.268289211845,temp,135,HLA-A*02:01,389.0
106,NLTPQQLID,0.10408535294759229,16213.473010031246,temp,107,HLA-A*02:01,390.0
648,NTGNISGAP,0.10407653229567268,16215.020457171795,temp,649,HLA-A*02:01,391.0
603,SSAAGASGW,0.10407010444006091,16216.148218185961,temp,604,HLA-A*02:01,392.0
131,PGSSFAHFG,0.10405984647114719,16217.948131321697,temp,132,HLA-A*02:01,393.0
672,SGNNSREGT,0.10405971434526412,16217.971316075136,temp,673,HLA-A*02:01,394.0
695,GSSRHSHGE,0.10404654076010847,16220.28311375763,temp,696,HLA-A*02:01,395.0
121,LRVSGAAPP,0.10403076476173477,16223.05203568482,temp,122,HLA-A*02:01,396.0
757,ANDGRNGES,0.10400413266816541,16227.727436022105,temp,758,HLA-A*02:01,397.0
60,NLEYDSDGN,0.1040002542696977,16228.408421114655,temp,61,HLA-A*02:01,398.0
683,SNGKRERYT,0.1039737973050952,16233.054605795067,temp,684,HLA-A*02:01,399.0
19,KERKNVKGI,0.10396217174119159,16235.09662561524,temp,20,HLA-A*02:01,400.0
462,HTHRIGRTG,0.10396196059208028,16235.13371614131,temp,463,HLA-A*02:01,401.0
792,VDSKTDKTA,0.10395163127184898,16236.948271581967,temp,793,HLA-A*02:01,402.0
669,NTASGNNSR,0.10394559863202849,16238.008121422185,temp,670,HLA-A*02:01,403.0
655,APVTYPSAG,0.10393753963921537,16239.424080880419,temp,656,HLA-A*02:01,404.0
388,KANAEELAN,0.1039363842296647,16239.627095658365,temp,389,HLA-A*02:01,405.0
336,PIRVVQGDI,0.10391420738187528,16243.524238595071,temp,337,HLA-A*02:01,406.0
440,RGLDIPSIK,0.10390695595255761,16244.798736945182,temp,441,HLA-A*02:01,407.0
355,VEILHSGPS,0.10390580149448997,16245.001651673969,temp,356,HLA-A*02:01,408.0
256,GAEIVVCTP,0.1038951009518748,16246.882566211956,temp,257,HLA-A*02:01,409.0
224,AECKRFGKA,0.10388840815442266,16248.059120062286,temp,225,HLA-A*02:01,410.0
802,GFAVPEPPK,0.103862170856183,16252.672302283234,temp,803,HLA-A*02:01,411.0
393,ELANNLKQE,0.1038571601654268,16253.553457695745,temp,394,HLA-A*02:01,412.0
95,KNFYNEHEE,0.10382912148268438,16258.48508411138,temp,96,HLA-A*02:01,413.0
804,AVPEPPKRK,0.10382237307212823,16259.672261974354,temp,805,HLA-A*02:01,414.0
770,FNRESKMEP,0.10380679840451704,16262.412482586282,temp,771,HLA-A*02:01,415.0
39,AYFRYMAEN,0.1038035035570911,16262.992240097012,temp,40,HLA-A*02:01,416.0
517,WFRKSRFKG,0.10377921771470353,16267.266186275747,temp,518,HLA-A*02:01,417.0
572,MGDRLTAMK,0.1037789396046992,16267.315135994397,temp,573,HLA-A*02:01,418.0
551,MDRGNNNVM,0.10377692834053019,16267.669139924532,temp,552,HLA-A*02:01,419.0
309,RPDRQTLLF,0.10376712336695523,16269.395030100768,temp,310,HLA-A*02:01,420.0
40,YFRYMAENP,0.10376500063582571,16269.768701399775,temp,41,HLA-A*02:01,421.0
636,VTSAAKGIP,0.10375612610846385,16271.331006403703,temp,637,HLA-A*02:01,422.0
632,PDSPVTSAA,0.10373348710567797,16275.3171406913,temp,633,HLA-A*02:01,423.0
275,ATNLQRVSY,0.10372145647414972,16277.435816525522,temp,276,HLA-A*02:01,424.0
48,PTAGVVQEE,0.10368888292048974,16283.173624734032,temp,49,HLA-A*02:01,425.0
523,FKGGKGKKL,0.10368881793706232,16283.185073539638,temp,524,HLA-A*02:01,426.0
531,LNIGGGGLG,0.10367624467275582,16285.400387613707,temp,532,HLA-A*02:01,427.0
694,RGSSRHSHG,0.10366589409294724,16287.224307670114,temp,695,HLA-A*02:01,428.0
618,NSVPTNSAQ,0.10366319889735076,16287.69927316433,temp,619,HLA-A*02:01,429.0
470,GRAGEKGVA,0.10365080922626603,16289.882842517902,temp,471,HLA-A*02:01,430.0
601,AGSSAAGAS,0.10363751602052125,16292.225977356975,temp,602,HLA-A*02:01,431.0
740,GENRHGGSA,0.10363323359006966,16292.980894289898,temp,741,HLA-A*02:01,432.0
527,KGKKLNIGG,0.10362314991117809,16294.758607127857,temp,528,HLA-A*02:01,433.0
389,ANAEELANN,0.10361746278130622,16295.761311250202,temp,390,HLA-A*02:01,434.0
354,IVEILHSGP,0.10361507318459194,16296.182642084206,temp,355,HLA-A*02:01,435.0
756,GANDGRNGE,0.1036143080957317,16296.317543939058,temp,757,HLA-A*02:01,436.0
13,RLEEKDKER,0.103610528206487,16296.98403725061,temp,14,HLA-A*02:01,437.0
52,VVQEEEEDN,0.10360733014411103,16297.547960559064,temp,53,HLA-A*02:01,438.0
666,GVNNTASGN,0.1036034379536574,16298.234307744364,temp,667,HLA-A*02:01,439.0
83,IDHSEIDYP,0.10359505951411478,16299.711856239308,temp,84,HLA-A*02:01,440.0
192,LIHIMDQKE,0.10357948731512559,16302.458389232246,temp,193,HLA-A*02:01,441.0
420,VISDFKKKD,0.10357545276754351,16303.170054519249,temp,421,HLA-A*02:01,442.0
208,IAVIVCPTR,0.10357532696544873,16303.19224560689,temp,209,HLA-A*02:01,443.0
165,PVALSGRDM,0.10357371694065358,16303.476251504313,temp,166,HLA-A*02:01,444.0
9,RDMKRLEEK,0.10356706660719171,16304.649412522687,temp,10,HLA-A*02:01,445.0
385,VTKKANAEE,0.1035614009991882,16305.648928315572,temp,386,HLA-A*02:01,446.0
721,GDGYRHPES,0.10354819617652544,16307.978735857952,temp,722,HLA-A*02:01,447.0
800,ADGFAVPEP,0.10354520494597236,16308.506543183928,temp,801,HLA-A*02:01,448.0
483,TPKDSNFAG,0.10353107000509101,16311.000906784111,temp,484,HLA-A*02:01,449.0
670,TASGNNSRE,0.10352120853535131,16312.741365752945,temp,671,HLA-A*02:01,450.0
49,TAGVVQEEE,0.10351753586533112,16313.389605790167,temp,50,HLA-A*02:01,451.0
516,AWFRKSRFK,0.10350368918721356,16315.833828075096,temp,517,HLA-A*02:01,452.0
797,DKTADGFAV,0.10350082575246754,16316.339328649128,temp,798,HLA-A*02:01,453.0
499,GANQHVSKE,0.10349107378803996,16318.06102322349,temp,500,HLA-A*02:01,454.0
536,GGLGYRERP,0.10348400552722183,16319.30902754085,temp,537,HLA-A*02:01,455.0
506,KELLDLAMQ,0.1034652705517687,16322.617421922,temp,507,HLA-A*02:01,456.0
497,LEGANQHVS,0.10346408087237227,16322.827529104205,temp,498,HLA-A*02:01,457.0
564,AYKPSTGAM,0.10345359137958933,16324.68017699719,temp,565,HLA-A*02:01,458.0
130,RPGSSFAHF,0.10345271701289803,16324.834616609338,temp,131,HLA-A*02:01,459.0
220,QQIHAECKR,0.10344164402336489,16326.790567998396,temp,221,HLA-A*02:01,460.0
488,NFAGDLVRN,0.10343095631689196,16328.678684604869,temp,489,HLA-A*02:01,461.0
645,GFGNTGNIS,0.10341968711627327,16330.669765897994,temp,646,HLA-A*02:01,462.0
386,TKKANAEEL,0.10340840687167731,16332.663041624051,temp,387,HLA-A*02:01,463.0
33,EEDDQEAYF,0.10340421971136292,16333.40299574039,temp,34,HLA-A*02:01,464.0
697,SRHSHGETG,0.1034034027195282,16333.54737827936,temp,698,HLA-A*02:01,465.0
3,VEDQAARDM,0.10339793156548835,16334.514298572345,temp,4,HLA-A*02:01,466.0
163,GVPVALSGR,0.10338826625242437,16336.222594954485,temp,164,HLA-A*02:01,467.0
258,EIVVCTPGR,0.10338395785317815,16336.98414082525,temp,259,HLA-A*02:01,468.0
254,QEGAEIVVC,0.10337333407449524,16338.862134928684,temp,255,HLA-A*02:01,469.0
25,KGIRDDIEE,0.10334252796351577,16344.30903522646,temp,26,HLA-A*02:01,470.0
787,SKMDKVDSK,0.10334157373258487,16344.477784012985,temp,788,HLA-A*02:01,471.0
565,YKPSTGAMG,0.1033357236077334,16345.512374046006,temp,566,HLA-A*02:01,472.0
590,HFVAASLSN,0.10333460794115061,16345.709686249398,temp,591,HLA-A*02:01,473.0
720,HGDGYRHPE,0.10332349141663708,16347.675839162195,temp,721,HLA-A*02:01,474.0
398,LKQEGHNLG,0.1033216960977588,16347.993395068417,temp,399,HLA-A*02:01,475.0
112,LIDLRHKLN,0.1032985035163623,16352.096252217712,temp,113,HLA-A*02:01,476.0
359,HSGPSKWNW,0.10329258278689209,16353.143817084778,temp,360,HLA-A*02:01,477.0
774,SKMEPKMEP,0.10328591662682017,16354.323352588886,temp,775,HLA-A*02:01,478.0
589,SHFVAASLS,0.10327711565907846,16355.880759324871,temp,590,HLA-A*02:01,479.0
755,RGANDGRNG,0.10327403048284607,16356.426742830534,temp,756,HLA-A*02:01,480.0
223,HAECKRFGK,0.10327090647136786,16356.979617579314,temp,224,HLA-A*02:01,481.0
369,TRRLVEFTS,0.103269770061492,16357.18073937745,temp,370,HLA-A*02:01,482.0
518,FRKSRFKGG,0.10326892007606575,16357.331171398524,temp,519,HLA-A*02:01,483.0
573,GDRLTAMKA,0.10326576746269692,16357.889138930113,temp,574,HLA-A*02:01,484.0
344,IGEANEDVT,0.10326560698198914,16357.917542232013,temp,345,HLA-A*02:01,485.0
661,SAGAQGVNN,0.10326544352300175,16357.946472707028,temp,662,HLA-A*02:01,486.0
138,FGFDEQLMH,0.10324527468401523,16361.516532009866,temp,139,HLA-A*02:01,487.0
199,KELEPGDGP,0.10324398364181392,16361.745084200787,temp,200,HLA-A*02:01,488.0
316,LFSATFRKK,0.10324056891214821,16362.349606511807,temp,317,HLA-A*02:01,489.0
599,QKAGSSAAG,0.10323893061232604,16362.639648759796,temp,600,HLA-A*02:01,490.0
222,IHAECKRFG,0.10323302234749944,16363.685682185438,temp,223,HLA-A*02:01,491.0
574,DRLTAMKAA,0.10322847106018826,16364.491514048776,temp,575,HLA-A*02:01,492.0
305,ASHVRPDRQ,0.10322784587233448,16364.602210290801,temp,306,HLA-A*02:01,493.0
445,PSIKTVINY,0.10322750176089092,16364.663139247039,temp,446,HLA-A*02:01,494.0
334,IDPIRVVQG,0.10322607855674647,16364.915136597712,temp,335,HLA-A*02:01,495.0
38,EAYFRYMAE,0.10322543759190601,16365.028629272676,temp,39,HLA-A*02:01,496.0
82,PIDHSEIDY,0.10322517905276818,16365.07440782288,temp,83,HLA-A*02:01,497.0
74,KKIIDPLPP,0.10321213900079626,16367.383526775044,temp,75,HLA-A*02:01,498.0
634,SPVTSAAKG,0.10321138268112373,16367.517465078752,temp,635,HLA-A*02:01,499.0
796,TDKTADGFA,0.10320715887802351,16368.265487753628,temp,797,HLA-A*02:01,500.0
704,TGNRHSDSP,0.10320330454529468,16368.948108181197,temp,705,HLA-A*02:01,501.0
51,GVVQEEEED,0.10319800853784604,16369.886102404089,temp,52,HLA-A*02:01,502.0
474,EKGVAYTLL,0.10319642380377429,16370.166790592662,temp,475,HLA-A*02:01,503.0
64,DSDGNPIAP,0.10319553250119494,16370.324660270668,temp,65,HLA-A*02:01,504.0
668,NNTASGNNS,0.103193576402629,16370.67113453753,temp,669,HLA-A*02:01,505.0
279,QRVSYLVFD,0.10319159842412366,16371.021491748676,temp,280,HLA-A*02:01,506.0
728,ESSSRHTDG,0.10318965283189084,16371.366119729106,temp,729,HLA-A*02:01,507.0
658,TYPSAGAQG,0.10318356868845775,16372.443867221338,temp,659,HLA-A*02:01,508.0
540,YRERPGLGS,0.10318270287570304,16372.597243390077,temp,541,HLA-A*02:01,509.0
674,NNSREGTGG,0.10316732475482798,16375.321671429801,temp,675,HLA-A*02:01,510.0
243,GGSMWEQAK,0.10316633068616184,16375.497798828768,temp,244,HLA-A*02:01,511.0
117,HKLNLRVSG,0.10315718545957639,16377.118223435014,temp,118,HLA-A*02:01,512.0
212,VCPTRELCQ,0.10315528590851245,16377.454821241405,temp,213,HLA-A*02:01,513.0
289,ADRMFDMGF,0.10315430055719449,16377.62942684944,temp,290,HLA-A*02:01,514.0
61,LEYDSDGNP,0.10315361056085119,16377.751696258132,temp,62,HLA-A*02:01,515.0
801,DGFAVPEPP,0.10315234339367557,16377.976244436175,temp,802,HLA-A*02:01,516.0
411,DMDQSERNK,0.10314475459200921,16379.321081379436,temp,412,HLA-A*02:01,517.0
155,QPTPIQCQG,0.10314236907874817,16379.743848980603,temp,156,HLA-A*02:01,518.0
786,SSKMDKVDS,0.10313801642127197,16380.515267723194,temp,787,HLA-A*02:01,519.0
505,SKELLDLAM,0.10313768053365693,16380.574798383563,temp,506,HLA-A*02:01,520.0
703,ETGNRHSDS,0.10313748409018123,16380.609614920368,temp,704,HLA-A*02:01,521.0
554,GNNNVMSNY,0.10312897464925594,16382.117851405112,temp,555,HLA-A*02:01,522.0
748,AGRHGENRG,0.10312743447313627,16382.390851256943,temp,749,HLA-A*02:01,523.0
579,MKAAFQSQY,0.10312674274075859,16382.513463933756,temp,580,HLA-A*02:01,524.0
690,YTENRGSSR,0.10312419119455214,16382.965744916622,temp,691,HLA-A*02:01,525.0
794,SKTDKTADG,0.10312012144256472,16383.68716526922,temp,795,HLA-A*02:01,526.0
689,RYTENRGSS,0.10311616357697692,16384.388782665123,temp,690,HLA-A*02:01,527.0
414,QSERNKVIS,0.10310905082166263,16385.649748112668,temp,415,HLA-A*02:01,528.0
677,REGTGGSNG,0.10310650875318483,16386.10043533639,temp,678,HLA-A*02:01,529.0
673,GNNSREGTG,0.10310324087930416,16386.679819924895,temp,674,HLA-A*02:01,530.0
553,RGNNNVMSN,0.10310082346105097,16387.108434372705,temp,554,HLA-A*02:01,531.0
128,PPRPGSSFA,0.10309678974520227,16387.823647484372,temp,129,HLA-A*02:01,532.0
240,VYGGGSMWE,0.10309637745502592,16387.896751898148,temp,241,HLA-A*02:01,533.0
410,GDMDQSERN,0.10309311932743383,16388.474471792677,temp,411,HLA-A*02:01,534.0
520,KSRFKGGKG,0.10309183916962406,16388.70147051259,temp,521,HLA-A*02:01,535.0
59,DNLEYDSDG,0.10309124445733286,16388.80692649393,temp,60,HLA-A*02:01,536.0
304,IASHVRPDR,0.10309056041167308,16388.928224147334,temp,305,HLA-A*02:01,537.0
345,GEANEDVTQ,0.10307679822748467,16391.368779236156,temp,346,HLA-A*02:01,538.0
403,HNLGLLHGD,0.10307671907645907,16391.382816753812,temp,404,HLA-A*02:01,539.0
177,AKTGSGKTA,0.10307307961309653,16392.028292394687,temp,178,HLA-A*02:01,540.0
402,GHNLGLLHG,0.10307302507119676,16392.037965845895,temp,403,HLA-A*02:01,541.0
529,KKLNIGGGG,0.10307051430799734,16392.48327637741,temp,530,HLA-A*02:01,542.0
620,VPTNSAQQG,0.1030661789705212,16393.25222302261,temp,621,HLA-A*02:01,543.0
682,GSNGKRERY,0.10306342883601322,16393.740025362542,temp,683,HLA-A*02:01,544.0
722,DGYRHPESS,0.1030620325566691,16393.987694561212,temp,723,HLA-A*02:01,545.0
746,GSAGRHGEN,0.10305437007467462,16395.346916689305,temp,747,HLA-A*02:01,546.0
182,GKTAAFIWP,0.10304827471130844,16396.42823334756,temp,183,HLA-A*02:01,547.0
170,GRDMIGIAK,0.10304528694592667,16396.95828857824,temp,171,HLA-A*02:01,548.0
325,IEKLARDIL,0.10303908647789457,16398.058359522645,temp,326,HLA-A*02:01,549.0
509,LDLAMQNAW,0.1030344670700337,16398.877970849193,temp,510,HLA-A*02:01,550.0
57,EEDNLEYDS,0.10303136126215813,16399.429050506347,temp,58,HLA-A*02:01,551.0
627,QGHNSPDSP,0.10303105178285704,16399.483964044193,temp,628,HLA-A*02:01,552.0
539,GYRERPGLG,0.10302327486477873,16400.863948962095,temp,540,HLA-A*02:01,553.0
91,PPFEKNFYN,0.10302284902026071,16400.939516826464,temp,92,HLA-A*02:01,554.0
707,RHSDSPRHG,0.10302142889639891,16401.191526173923,temp,708,HLA-A*02:01,555.0
780,MEPKVDSSK,0.10302139778263829,16401.197047537426,temp,781,HLA-A*02:01,556.0
487,SNFAGDLVR,0.10301516437927545,16402.303247868465,temp,488,HLA-A*02:01,557.0
363,SKWNWLTRR,0.10301462155908463,16402.399582062248,temp,364,HLA-A*02:01,558.0
745,GGSAGRHGE,0.10301159634947873,16402.936475786446,temp,746,HLA-A*02:01,559.0
27,IRDDIEEED,0.10301014121308273,16403.1947298042,temp,28,HLA-A*02:01,560.0
810,KRKKSRWDS,0.10300843967047559,16403.496720545554,temp,811,HLA-A*02:01,561.0
461,THTHRIGRT,0.1030065356431639,16403.834654978044,temp,462,HLA-A*02:01,562.0
351,VTQIVEILH,0.10299949743674684,16405.08388461942,temp,352,HLA-A*02:01,563.0
7,AARDMKRLE,0.10299775068425092,16405.39393501753,temp,8,HLA-A*02:01,564.0
738,RHGENRHGG,0.10299569870307224,16405.758171311852,temp,739,HLA-A*02:01,565.0
534,GGGGLGYRE,0.1029953189262609,16405.825584365957,temp,535,HLA-A*02:01,566.0
766,RKEAFNRES,0.1029941508643495,16406.032925303716,temp,767,HLA-A*02:01,567.0
90,YPPFEKNFY,0.10299224088447527,16406.37196864452,temp,91,HLA-A*02:01,568.0
298,EYQVRSIAS,0.10298574175017101,16407.525692032454,temp,299,HLA-A*02:01,569.0
493,LVRNLEGAN,0.10298573217743821,16407.5273914395,temp,494,HLA-A*02:01,570.0
246,MWEQAKALQ,0.10298366612356039,16407.894173424273,temp,247,HLA-A*02:01,571.0
114,DLRHKLNLR,0.10298183666046248,16408.218960814673,temp,115,HLA-A*02:01,572.0
102,EEITNLTPQ,0.102981612401979,16408.258774209622,temp,103,HLA-A*02:01,573.0
12,KRLEEKDKE,0.10298155572970956,16408.268835451632,temp,13,HLA-A*02:01,574.0
555,NNNVMSNYE,0.10298103082975732,16408.362023215584,temp,556,HLA-A*02:01,575.0
337,IRVVQGDIG,0.1029797683961651,16408.586150690957,temp,338,HLA-A*02:01,576.0
723,GYRHPESSS,0.10297571266317003,16409.306210229613,temp,724,HLA-A*02:01,577.0
71,APTKKIIDP,0.10297570653923045,16409.307297504838,temp,72,HLA-A*02:01,578.0
737,HRHGENRHG,0.10297360103358821,16409.681123902734,temp,738,HLA-A*02:01,579.0
16,EKDKERKNV,0.10297315256286099,16409.76074967506,temp,17,HLA-A*02:01,580.0
752,GENRGANDG,0.10297014823352475,16410.294176937416,temp,753,HLA-A*02:01,581.0
724,YRHPESSSR,0.10296797131023304,16410.680706725478,temp,725,HLA-A*02:01,582.0
744,HGGSAGRHG,0.1029605008347986,16412.007217405826,temp,745,HLA-A*02:01,583.0
228,RFGKAYNLR,0.10295746061904791,16412.547090406024,temp,229,HLA-A*02:01,584.0
98,YNEHEEITN,0.10295368693212181,16413.21723586654,temp,99,HLA-A*02:01,585.0
726,HPESSSRHT,0.10295079972331274,16413.729975698385,temp,727,HLA-A*02:01,586.0
708,HSDSPRHGD,0.10294793845395571,16414.238124741685,temp,709,HLA-A*02:01,587.0
767,KEAFNRESK,0.10294720987206017,16414.36752024315,temp,768,HLA-A*02:01,588.0
100,EHEEITNLT,0.10294693862435803,16414.41569385618,temp,101,HLA-A*02:01,589.0
526,GKGKKLNIG,0.10294596325580276,16414.588920555783,temp,527,HLA-A*02:01,590.0
747,SAGRHGENR,0.10294361153089321,16415.00659741739,temp,748,HLA-A*02:01,591.0
268,IDHVKKKAT,0.10294246733313138,16415.209815900464,temp,269,HLA-A*02:01,592.0
710,DSPRHGDGG,0.10294206055146841,16415.282064115654,temp,711,HLA-A*02:01,593.0
701,HGETGNRHS,0.10294118737500137,16415.43714946943,temp,702,HLA-A*02:01,594.0
265,GRLIDHVKK,0.10294099055416558,16415.47210712895,temp,266,HLA-A*02:01,595.0
294,DMGFEYQVR,0.10293798488888058,16416.005957336663,temp,295,HLA-A*02:01,596.0
687,RERYTENRG,0.10293690959272948,16416.196949909976,temp,688,HLA-A*02:01,597.0
422,SDFKKKDIP,0.10293641139884352,16416.285439152824,temp,423,HLA-A*02:01,598.0
688,ERYTENRGS,0.10293391486542755,16416.72888082705,temp,689,HLA-A*02:01,599.0
679,GTGGSNGKR,0.102932177550501,16417.03747492823,temp,680,HLA-A*02:01,600.0
8,ARDMKRLEE,0.10293073069651279,16417.294479740947,temp,9,HLA-A*02:01,601.0
50,AGVVQEEEE,0.10292883732837653,16417.630804982044,temp,51,HLA-A*02:01,602.0
533,IGGGGLGYR,0.10292813392029979,16417.755755439357,temp,534,HLA-A*02:01,603.0
490,AGDLVRNLE,0.10292696570116051,16417.96327508335,temp,491,HLA-A*02:01,604.0
521,SRFKGGKGK,0.10292488646316664,16418.33263241908,temp,522,HLA-A*02:01,605.0
416,ERNKVISDF,0.10292454517945863,16418.39325909683,temp,417,HLA-A*02:01,606.0
417,RNKVISDFK,0.1029228823028169,16418.68866077284,temp,418,HLA-A*02:01,607.0
341,QGDIGEANE,0.10292231202125912,16418.78996964865,temp,342,HLA-A*02:01,608.0
70,IAPTKKIID,0.10292160428828419,16418.915697242,temp,71,HLA-A*02:01,609.0
366,NWLTRRLVE,0.10291903251917313,16419.372575880097,temp,367,HLA-A*02:01,610.0
610,GWTSAGSLN,0.10291683301375118,16419.763331401795,temp,611,HLA-A*02:01,611.0
732,RHTDGHRHG,0.10291472969558682,16420.137007370176,temp,733,HLA-A*02:01,612.0
5,DQAARDMKR,0.10291304597612887,16420.436143468418,temp,6,HLA-A*02:01,613.0
247,WEQAKALQE,0.1029127177362134,16420.494460473587,temp,248,HLA-A*02:01,614.0
1,AEVEDQAAR,0.10291240739643301,16420.54959742751,temp,2,HLA-A*02:01,615.0
148,IRKSEYTQP,0.10291225128477334,16420.577333295278,temp,149,HLA-A*02:01,616.0
769,AFNRESKME,0.10291214325045372,16420.596527440608,temp,770,HLA-A*02:01,617.0
282,SYLVFDEAD,0.10291075681694886,16420.842853065988,temp,283,HLA-A*02:01,618.0
762,NGESRKEAF,0.10290896192665519,16421.161754103687,temp,763,HLA-A*02:01,619.0
323,KKIEKLARD,0.10290854651340506,16421.235562124766,temp,324,HLA-A*02:01,620.0
127,APPRPGSSF,0.10290781331777062,16421.365832536438,temp,128,HLA-A*02:01,621.0
84,DHSEIDYPP,0.10290700005533221,16421.510330012996,temp,85,HLA-A*02:01,622.0
459,IDTHTHRIG,0.10290594618294067,16421.697580071785,temp,460,HLA-A*02:01,623.0
428,DIPVLVATD,0.10290552155237967,16421.773028232434,temp,429,HLA-A*02:01,624.0
494,VRNLEGANQ,0.102902735151395,16422.268123264203,temp,495,HLA-A*02:01,625.0
262,CTPGRLIDH,0.10290188959691486,16422.418366552967,temp,263,HLA-A*02:01,626.0
78,DPLPPIDHS,0.10290111810624725,16422.55545092998,temp,79,HLA-A*02:01,627.0
771,NRESKMEPK,0.1028995856791054,16422.827747727886,temp,772,HLA-A*02:01,628.0
47,NPTAGVVQE,0.10289592761368316,16423.477767193188,temp,48,HLA-A*02:01,629.0
709,SDSPRHGDG,0.10289561415872618,16423.533467728244,temp,710,HLA-A*02:01,630.0
729,SSSRHTDGH,0.1028950471017627,16423.634233487486,temp,730,HLA-A*02:01,631.0
67,GNPIAPTKK,0.10289357863814963,16423.895181663538,temp,68,HLA-A*02:01,632.0
213,CPTRELCQQ,0.1028918772660624,16424.19752320777,temp,214,HLA-A*02:01,633.0
189,WPMLIHIMD,0.10289144289529434,16424.2747137572,temp,190,HLA-A*02:01,634.0
713,RHGDGGRHG,0.1028898940926689,16424.549949148357,temp,714,HLA-A*02:01,635.0
88,IDYPPFEKN,0.10288980653471476,16424.565509078777,temp,89,HLA-A*02:01,636.0
392,EELANNLKQ,0.1028894328559642,16424.631915722544,temp,393,HLA-A*02:01,637.0
498,EGANQHVSK,0.10288850264591931,16424.797224996124,temp,499,HLA-A*02:01,638.0
310,PDRQTLLFS,0.10288622628460972,16425.201768211322,temp,311,HLA-A*02:01,639.0
552,DRGNNNVMS,0.10288528159536994,16425.369656446095,temp,553,HLA-A*02:01,640.0
763,GESRKEAFN,0.10288491205854339,16425.43533024017,temp,764,HLA-A*02:01,641.0
457,RDIDTHTHR,0.10288352799639684,16425.681307009385,temp,458,HLA-A*02:01,642.0
181,SGKTAAFIW,0.10288248703643627,16425.866309776684,temp,182,HLA-A*02:01,643.0
699,HSHGETGNR,0.10288240860024017,16425.88024979526,temp,700,HLA-A*02:01,644.0
186,AFIWPMLIH,0.10288097075020698,16426.13579279221,temp,187,HLA-A*02:01,645.0
306,SHVRPDRQT,0.10287974110540253,16426.354335509346,temp,307,HLA-A*02:01,646.0
318,SATFRKKIE,0.10287864289854201,16426.5495204383,temp,319,HLA-A*02:01,647.0
409,HGDMDQSER,0.1028764883866593,16426.93244979696,temp,410,HLA-A*02:01,648.0
719,RHGDGYRHP,0.10287602193906316,16427.015354427425,temp,720,HLA-A*02:01,649.0
205,DGPIAVIVC,0.10287597924273276,16427.02294313252,temp,206,HLA-A*02:01,650.0
35,DDQEAYFRY,0.10287547182747978,16427.113129716075,temp,36,HLA-A*02:01,651.0
633,DSPVTSAAK,0.10287537125772507,16427.131004764902,temp,634,HLA-A*02:01,652.0
157,TPIQCQGVP,0.10287516994269576,16427.166786117505,temp,158,HLA-A*02:01,653.0
765,SRKEAFNRE,0.10287501126483611,16427.19498927512,temp,766,HLA-A*02:01,654.0
739,HGENRHGGS,0.10287466620839207,16427.25631924153,temp,740,HLA-A*02:01,655.0
2,EVEDQAARD,0.10287242289204315,16427.655049493453,temp,3,HLA-A*02:01,656.0
30,DIEEEDDQE,0.10287122107406778,16427.868666318223,temp,31,HLA-A*02:01,657.0
566,KPSTGAMGD,0.10287047145042476,16428.001909385162,temp,567,HLA-A*02:01,658.0
348,NEDVTQIVE,0.10286726682831607,16428.571532310583,temp,349,HLA-A*02:01,659.0
667,VNNTASGNN,0.1028650607994244,16428.963666350362,temp,668,HLA-A*02:01,660.0
549,ENMDRGNNN,0.1028645955904596,16429.046361054698,temp,550,HLA-A*02:01,661.0
286,FDEADRMFD,0.10286412468309435,16429.130069120307,temp,287,HLA-A*02:01,662.0
714,HGDGGRHGD,0.10286278733628418,16429.367797000396,temp,715,HLA-A*02:01,663.0
197,DQKELEPGD,0.10286270393464256,16429.38262265945,temp,198,HLA-A*02:01,664.0
467,GRTGRAGEK,0.10286255886107903,16429.408411286735,temp,468,HLA-A*02:01,665.0
330,RDILIDPIR,0.10286100687572879,16429.68429848638,temp,331,HLA-A*02:01,666.0
643,IPGFGNTGN,0.10286009053138008,16429.84719374314,temp,644,HLA-A*02:01,667.0
66,DGNPIAPTK,0.10286005771583788,16429.85302727465,temp,67,HLA-A*02:01,668.0
678,EGTGGSNGK,0.10285984649191196,16429.890576038713,temp,679,HLA-A*02:01,669.0
342,GDIGEANED,0.10285938964186729,16429.971789454594,temp,343,HLA-A*02:01,670.0
92,PFEKNFYNE,0.10285817472919195,16430.187764262664,temp,93,HLA-A*02:01,671.0
408,LHGDMDQSE,0.10285749258330519,16430.309030458942,temp,409,HLA-A*02:01,672.0
778,PKMEPKVDS,0.10285666505068898,16430.45614349476,temp,779,HLA-A*02:01,673.0
547,GSENMDRGN,0.10285646121278538,16430.492380592314,temp,548,HLA-A*02:01,674.0
781,EPKVDSSKM,0.10285645694310273,16430.4931396321,temp,782,HLA-A*02:01,675.0
478,AYTLLTPKD,0.10285563340098217,16430.63954490252,temp,479,HLA-A*02:01,676.0
261,VCTPGRLID,0.10285506815348754,16430.740032578848,temp,262,HLA-A*02:01,677.0
405,LGLLHGDMD,0.10285484615547576,16430.77949875883,temp,406,HLA-A*02:01,678.0
301,VRSIASHVR,0.10285456582792357,16430.82933473532,temp,302,HLA-A*02:01,679.0
101,HEEITNLTP,0.10285438410006484,16430.861641969717,temp,102,HLA-A*02:01,680.0
742,NRHGGSAGR,0.10285432792245122,16430.87162913228,temp,743,HLA-A*02:01,681.0
495,RNLEGANQH,0.1028524196736115,16431.210878037196,temp,496,HLA-A*02:01,682.0
444,IPSIKTVIN,0.10285233905025477,16431.22521142977,temp,445,HLA-A*02:01,683.0
622,TNSAQQGHN,0.10285152161635469,16431.370537280774,temp,623,HLA-A*02:01,684.0
715,GDGGRHGDG,0.10285095738683946,16431.470848446424,temp,716,HLA-A*02:01,685.0
741,ENRHGGSAG,0.10285075801250138,16431.506294225735,temp,742,HLA-A*02:01,686.0
686,KRERYTENR,0.10284921585907615,16431.78046865305,temp,687,HLA-A*02:01,687.0
418,NKVISDFKK,0.10284889236814718,16431.837981630626,temp,419,HLA-A*02:01,688.0
466,IGRTGRAGE,0.10284794302087465,16432.0067658514,temp,467,HLA-A*02:01,689.0
541,RERPGLGSE,0.10284545017901317,16432.449975853197,temp,542,HLA-A*02:01,690.0
391,AEELANNLK,0.10284482520860293,16432.561093133834,temp,392,HLA-A*02:01,691.0
22,KNVKGIRDD,0.1028445283811472,16432.613868151082,temp,23,HLA-A*02:01,692.0
460,DTHTHRIGR,0.10284364543947638,16432.770853491947,temp,461,HLA-A*02:01,693.0
514,QNAWFRKSR,0.10284251199513685,16432.97237992664,temp,515,HLA-A*02:01,694.0
760,GRNGESRKE,0.10284246274236397,16432.981137127037,temp,761,HLA-A*02:01,695.0
764,ESRKEAFNR,0.10284138459006038,16433.17283503193,temp,765,HLA-A*02:01,696.0
73,TKKIIDPLP,0.10284134689677352,16433.1795370236,temp,74,HLA-A*02:01,697.0
55,EEEEDNLEY,0.102840974603662,16433.245732122705,temp,56,HLA-A*02:01,698.0
524,KGGKGKKLN,0.10284015085344181,16433.39219892162,temp,525,HLA-A*02:01,699.0
692,ENRGSSRHS,0.10283982368345693,16433.450371699695,temp,693,HLA-A*02:01,700.0
108,TPQQLIDLR,0.10283972167906698,16433.46850873179,temp,109,HLA-A*02:01,701.0
290,DRMFDMGFE,0.10283971942387668,16433.468909719246,temp,291,HLA-A*02:01,702.0
89,DYPPFEKNF,0.10283849550951046,16433.686531077736,temp,90,HLA-A*02:01,703.0
54,QEEEEDNLE,0.10283752521985688,16433.859058065656,temp,55,HLA-A*02:01,704.0
698,RHSHGETGN,0.1028373777223776,16433.885284718308,temp,699,HLA-A*02:01,705.0
415,SERNKVISD,0.1028369082452368,16433.968763127912,temp,416,HLA-A*02:01,706.0
396,NNLKQEGHN,0.10283592759026668,16434.143136174862,temp,397,HLA-A*02:01,707.0
271,VKKKATNLQ,0.10283570747890046,16434.182275056628,temp,272,HLA-A*02:01,708.0
93,FEKNFYNEH,0.10283557490302386,16434.205848948102,temp,94,HLA-A*02:01,709.0
522,RFKGGKGKK,0.10283517073626844,16434.27771580004,temp,523,HLA-A*02:01,710.0
681,GGSNGKRER,0.10283478716996029,16434.34591987715,temp,682,HLA-A*02:01,711.0
660,PSAGAQGVN,0.10283418772640866,16434.452510864874,temp,661,HLA-A*02:01,712.0
152,EYTQPTPIQ,0.10283382284071341,16434.517393920927,temp,153,HLA-A*02:01,713.0
454,DVARDIDTH,0.10283291706119178,16434.678458463157,temp,455,HLA-A*02:01,714.0
34,EDDQEAYFR,0.10283268863757891,16434.7190767036,temp,35,HLA-A*02:01,715.0
145,MHQIRKSEY,0.10283213632451454,16434.8172893153,temp,146,HLA-A*02:01,716.0
705,GNRHSDSPR,0.10283198803297473,16434.843658698104,temp,706,HLA-A*02:01,717.0
535,GGGLGYRER,0.10283178480173248,16434.879797594655,temp,536,HLA-A*02:01,718.0
730,SSRHTDGHR,0.10283160647435236,16434.911508113033,temp,731,HLA-A*02:01,719.0
10,DMKRLEEKD,0.10283137768619248,16434.95219175414,temp,11,HLA-A*02:01,720.0
528,GKKLNIGGG,0.10283126531187532,16434.97217445265,temp,529,HLA-A*02:01,721.0
582,AFQSQYKSH,0.10283088806859689,16435.039257028657,temp,583,HLA-A*02:01,722.0
685,GKRERYTEN,0.10282993496615468,16435.208741896433,temp,686,HLA-A*02:01,723.0
684,NGKRERYTE,0.1028286052728079,16435.445196735134,temp,685,HLA-A*02:01,724.0
456,ARDIDTHTH,0.10282828346058182,16435.50242401845,temp,457,HLA-A*02:01,725.0
519,RKSRFKGGK,0.10282751187419598,16435.639634634812,temp,520,HLA-A*02:01,726.0
46,ENPTAGVVQ,0.10282708164097534,16435.71614317653,temp,47,HLA-A*02:01,727.0
362,PSKWNWLTR,0.1028268733978073,16435.75317526838,temp,363,HLA-A*02:01,728.0
680,TGGSNGKRE,0.10282657846869483,16435.805622951608,temp,681,HLA-A*02:01,729.0
17,KDKERKNVK,0.10282621781952948,16435.869757957153,temp,18,HLA-A*02:01,730.0
621,PTNSAQQGH,0.10282594044784388,16435.919083722212,temp,622,HLA-A*02:01,731.0
109,PQQLIDLRH,0.10282551391078908,16435.99493626147,temp,110,HLA-A*02:01,732.0
717,GGRHGDGYR,0.10282543373277316,16436.00919463059,temp,718,HLA-A*02:01,733.0
702,GETGNRHSD,0.102825189275371,16436.052667519725,temp,703,HLA-A*02:01,734.0
164,VPVALSGRD,0.10282507930613898,16436.07222384879,temp,165,HLA-A*02:01,735.0
640,AKGIPGFGN,0.1028227889038446,16436.47954180294,temp,641,HLA-A*02:01,736.0
14,LEEKDKERK,0.10282226850204304,16436.572089833,temp,15,HLA-A*02:01,737.0
32,EEEDDQEAY,0.10282187839173366,16436.641467222496,temp,33,HLA-A*02:01,738.0
116,RHKLNLRVS,0.10282136442291542,16436.732872110882,temp,117,HLA-A*02:01,739.0
56,EEEDNLEYD,0.1028196005249927,16437.046569895447,temp,57,HLA-A*02:01,740.0
734,TDGHRHGEN,0.10281935976157534,16437.08938856923,temp,735,HLA-A*02:01,741.0
706,NRHSDSPRH,0.10281921209485223,16437.11565047645,temp,707,HLA-A*02:01,742.0
754,NRGANDGRN,0.1028182800196038,16437.281417117523,temp,755,HLA-A*02:01,743.0
29,DDIEEEDDQ,0.10281825669710244,16437.28556497222,temp,30,HLA-A*02:01,744.0
358,LHSGPSKWN,0.10281786425937256,16437.355359301564,temp,359,HLA-A*02:01,745.0
542,ERPGLGSEN,0.10281726333849829,16437.46223254949,temp,543,HLA-A*02:01,746.0
81,PPIDHSEID,0.10281719405933831,16437.474553831707,temp,82,HLA-A*02:01,747.0
544,PGLGSENMD,0.10281712655637641,16437.486559226403,temp,545,HLA-A*02:01,748.0
226,CKRFGKAYN,0.10281701363504538,16437.506642292898,temp,227,HLA-A*02:01,749.0
250,AKALQEGAE,0.10281673885620567,16437.555511830935,temp,251,HLA-A*02:01,750.0
502,QHVSKELLD,0.10281660071479064,16437.580080397518,temp,503,HLA-A*02:01,751.0
718,GRHGDGYRH,0.10281655021311745,16437.589062171635,temp,719,HLA-A*02:01,752.0
94,EKNFYNEHE,0.10281653935391523,16437.59099349247,temp,95,HLA-A*02:01,753.0
4,EDQAARDMK,0.10281570673167242,16437.739076933005,temp,5,HLA-A*02:01,754.0
548,SENMDRGNN,0.10281556154002121,16437.764899679347,temp,549,HLA-A*02:01,755.0
676,SREGTGGSN,0.10281511403867644,16437.844489316056,temp,677,HLA-A*02:01,756.0
28,RDDIEEEDD,0.10281473041856552,16437.91271776473,temp,29,HLA-A*02:01,757.0
435,TDVAARGLD,0.10281444922788051,16437.96272888947,temp,436,HLA-A*02:01,758.0
773,ESKMEPKME,0.10281442802111301,16437.96650062193,temp,774,HLA-A*02:01,759.0
751,HGENRGAND,0.1028140476726385,16438.03414769724,temp,752,HLA-A*02:01,760.0
806,PEPPKRKKS,0.10281402964167635,16438.037354610264,temp,807,HLA-A*02:01,761.0
272,KKKATNLQR,0.10281375600985035,16438.08602172237,temp,273,HLA-A*02:01,762.0
395,ANNLKQEGH,0.10281363970092662,16438.106708027215,temp,396,HLA-A*02:01,763.0
452,NYDVARDID,0.10281344815816632,16438.14077522003,temp,453,HLA-A*02:01,764.0
716,DGGRHGDGY,0.1028134374300998,16438.142683282287,temp,717,HLA-A*02:01,765.0
567,PSTGAMGDR,0.10281342653559858,16438.144620946343,temp,568,HLA-A*02:01,766.0
24,VKGIRDDIE,0.10281309781867926,16438.203085681802,temp,25,HLA-A*02:01,767.0
264,PGRLIDHVK,0.10281283319645453,16438.250150852815,temp,265,HLA-A*02:01,768.0
758,NDGRNGESR,0.10281227402719374,16438.349604004194,temp,759,HLA-A*02:01,769.0
198,QKELEPGDG,0.10281206839282042,16438.386178030178,temp,199,HLA-A*02:01,770.0
693,NRGSSRHSH,0.10281201828093264,16438.395090917606,temp,694,HLA-A*02:01,771.0
731,SRHTDGHRH,0.10281198659971302,16438.400725733653,temp,732,HLA-A*02:01,772.0
21,RKNVKGIRD,0.1028118870527944,16438.418431143316,temp,22,HLA-A*02:01,773.0
225,ECKRFGKAY,0.10281165622147984,16438.459486862077,temp,226,HLA-A*02:01,774.0
484,PKDSNFAGD,0.10281158898534143,16438.47144551875,temp,485,HLA-A*02:01,775.0
750,RHGENRGAN,0.10281147520494802,16438.491682582095,temp,751,HLA-A*02:01,776.0
691,TENRGSSRH,0.10281138631736406,16438.507492209632,temp,692,HLA-A*02:01,777.0
18,DKERKNVKG,0.10281138263215842,16438.50814766404,temp,19,HLA-A*02:01,778.0
759,DGRNGESRK,0.10281135229623972,16438.513543242163,temp,760,HLA-A*02:01,779.0
335,DPIRVVQGD,0.10281117133592878,16438.545729068544,temp,336,HLA-A*02:01,780.0
129,PRPGSSFAH,0.10281090506154976,16438.593089075952,temp,130,HLA-A*02:01,781.0
785,DSSKMDKVD,0.10281076821139735,16438.617429526552,temp,786,HLA-A*02:01,782.0
727,PESSSRHTD,0.10281057250228973,16438.652238815037,temp,728,HLA-A*02:01,783.0
805,VPEPPKRKK,0.10281050981479782,16438.663388577406,temp,806,HLA-A*02:01,784.0
789,MDKVDSKTD,0.10281036953971105,16438.688338301057,temp,790,HLA-A*02:01,785.0
711,SPRHGDGGR,0.10281033115306218,16438.69516586558,temp,712,HLA-A*02:01,786.0
725,RHPESSSRH,0.10281009181853056,16438.73773468735,temp,726,HLA-A*02:01,787.0
753,ENRGANDGR,0.10280980411267716,16438.78890713635,temp,754,HLA-A*02:01,788.0
58,EDNLEYDSD,0.10280965008166826,16438.816303738444,temp,59,HLA-A*02:01,789.0
401,EGHNLGLLH,0.10280889945741739,16438.9498135733,temp,402,HLA-A*02:01,790.0
790,DKVDSKTDK,0.10280889875638138,16438.949938263646,temp,791,HLA-A*02:01,791.0
793,DSKTDKTAD,0.10280884738066962,16438.959076247917,temp,794,HLA-A*02:01,792.0
11,MKRLEEKDK,0.10280855370453539,16439.01131129862,temp,12,HLA-A*02:01,793.0
735,DGHRHGENR,0.10280842425103885,16439.034336749584,temp,736,HLA-A*02:01,794.0
77,IDPLPPIDH,0.10280830760509085,16439.055084193304,temp,78,HLA-A*02:01,795.0
215,TRELCQQIH,0.1028080057291788,16439.108778023077,temp,216,HLA-A*02:01,796.0
700,SHGETGNRH,0.10280788453928758,16439.130333781664,temp,701,HLA-A*02:01,797.0
322,RKKIEKLAR,0.10280775008356673,16439.15424913499,temp,323,HLA-A*02:01,798.0
782,PKVDSSKMD,0.10280772034567172,16439.159538555858,temp,783,HLA-A*02:01,799.0
463,THRIGRTGR,0.1028074394899123,16439.20949390122,temp,464,HLA-A*02:01,800.0
15,EEKDKERKN,0.1028074165399752,16439.213575974965,temp,16,HLA-A*02:01,801.0
269,DHVKKKATN,0.10280712114784218,16439.26611705768,temp,270,HLA-A*02:01,802.0
141,DEQLMHQIR,0.10280704987013016,16439.278795173228,temp,142,HLA-A*02:01,803.0
743,RHGGSAGRH,0.1028068902813682,16439.30718114735,temp,744,HLA-A*02:01,804.0
807,EPPKRKKSR,0.10280681506545615,16439.320559781412,temp,808,HLA-A*02:01,805.0
736,GHRHGENRH,0.10280679830636756,16439.32354071749,temp,737,HLA-A*02:01,806.0
808,PPKRKKSRW,0.10280659708170682,16439.359332553828,temp,809,HLA-A*02:01,807.0
20,ERKNVKGIR,0.10280658515796708,16439.361453432215,temp,21,HLA-A*02:01,808.0
809,PKRKKSRWD,0.10280642843246625,16439.389330259244,temp,810,HLA-A*02:01,809.0
712,PRHGDGGRH,0.10280640257871641,16439.393928880527,temp,713,HLA-A*02:01,810.0
777,EPKMEPKVD,0.10280639103230516,16439.395982647726,temp,778,HLA-A*02:01,811.0
